harness,bound,status,unwind,wall_seconds,verification_seconds,peak_group_rss_bytes,largest_completed_bound,search_ceiling_reached
admission,0,pass,3,12.368250936968252,2.3071234,1028780032,13,False
admission,1,pass,4,3.9536167290061712,2.5277176,457560064,13,False
admission,2,pass,5,8.83952533104457,7.519595,855949312,13,False
admission,4,pass,7,21.034800069057383,19.141119,1161392128,13,False
admission,8,pass,11,77.76791469799355,75.10826,3237687296,13,False
admission,16,timeout,19,302.2593026390532,,2312065024,13,False
admission,12,pass,15,210.20964133401867,208.72945,6257250304,13,False
admission,14,timeout,17,301.5238754909951,,9517846528,13,False
admission,13,pass,16,254.0943152810214,252.77008,7103619072,13,False
inverse,0,pass,3,4.523601365974173,2.4431033,393457664,12,False
inverse,1,pass,4,7.701050849049352,5.6111364,725204992,12,False
inverse,2,pass,5,10.19667830702383,8.236076,1046249472,12,False
inverse,4,pass,7,15.863150830962695,14.231139,1377124352,12,False
inverse,8,pass,11,66.29432917304803,64.73585,3421167616,12,False
inverse,16,timeout,19,301.77584347699303,,2499977216,12,False
inverse,12,pass,15,227.66888935200404,225.8176,7287451648,12,False
inverse,14,timeout,17,302.6561096489895,,9545080832,12,False
inverse,13,timeout,16,302.5202203789959,,8298512384,12,False
normalization,0,pass,32,0.4531846400350332,0.05728419,233046016,18446744073709551615,True
normalization,1,pass,32,0.5198607000056654,0.092045434,225300480,18446744073709551615,True
normalization,2,pass,32,0.5214035440003499,0.09150146,194064384,18446744073709551615,True
normalization,4,pass,32,0.5180959400022402,0.096307695,236642304,18446744073709551615,True
normalization,8,pass,32,0.5149919510586187,0.095341206,235872256,18446744073709551615,True
normalization,16,pass,32,0.5142623289721087,0.09217823,235429888,18446744073709551615,True
normalization,32,pass,32,0.5142926550470293,0.09616003,233353216,18446744073709551615,True
normalization,64,pass,32,0.5215731629868969,0.09974471,84918272,18446744073709551615,True
normalization,128,pass,32,0.5185278529534116,0.09510918,235393024,18446744073709551615,True
normalization,256,pass,32,0.51413342601154,0.09970488,229621760,18446744073709551615,True
normalization,2147483647,pass,32,0.5203693479998037,0.10409686,233836544,18446744073709551615,True
normalization,9223372036854775807,pass,32,0.5879393810173497,0.14259918,234606592,18446744073709551615,True
normalization,18446744073709551615,pass,32,0.5807933059986681,0.1641616,233054208,18446744073709551615,True
survivors,0,pass,3,17.064554763957858,8.421624,1213673472,5,False
survivors,1,pass,4,7.7657760040601715,7.023355,1915326464,5,False
survivors,2,pass,5,24.699209432001226,23.954504,4202434560,5,False
survivors,4,pass,7,105.71761680091731,105.00957,12261552128,5,False
survivors,8,timeout,11,304.15763910405803,,76622659584,5,False
survivors,6,timeout,9,302.7057918369537,,41955110912,5,False
survivors,5,pass,8,198.73487725900486,197.83592,21532770304,5,False
