id,function,line,original,replacement,classification,reason,witness,within_abi_rank,within_axis_i32_domain,tests,test_suites,verus,verus_status,verus_status_recorded,verus_adjudication,kani,kani_harnesses,kani_status_recorded,kani_adjudication,unaffected_harnesses,verus_only_confirmed,tests_seconds,tests_peak_rss_bytes,kani_seconds,kani_peak_rss_bytes,verus_seconds,verus_peak_rss_bytes,vermilion,vermilion_status,vermilion_seconds,vermilion_peak_rss_bytes,vermilion_obligations
9837a4735f9d,is_permutation,30,!=,==,real_gap,concrete contract violation,"{""actual"": ""false"", ""axes"": [], ""axis"": 0, ""expected"": ""true"", ""function"": ""is_permutation"", ""rank"": 0, ""raw"": 0, ""within_abi_rank"": true, ""within_axis_i32_domain"": true}",True,True,caught,axis:test_failure;types:test_failure;ir:test_failure,caught,proof_failure,proof_failure,,caught,admission:assertion_failure;inverse:assertion_failure,admission:assertion_failure;inverse:assertion_failure,,normalization;survivors,False,163.6626474710647,7721222144,41.61119333200622,1636421632,0.6960020969854668,350765056,not_selected,not_selected,,,
afb5d702f203,is_permutation,31,false,true,real_gap,concrete contract violation,"{""actual"": ""true"", ""axes"": [0], ""axis"": 0, ""expected"": ""false"", ""function"": ""is_permutation"", ""rank"": 0, ""raw"": 0, ""within_abi_rank"": true, ""within_axis_i32_domain"": true}",True,True,pass,axis:pass;types:pass;ir:pass,caught,proof_failure,proof_failure,,caught,admission:assertion_failure;inverse:assertion_failure,admission:assertion_failure;inverse:assertion_failure,,normalization;survivors,False,175.7566156249959,6259892224,51.93668624397833,1722662912,0.5487589390249923,353775616,not_selected,not_selected,,,
6769dce4cbba,is_permutation,33,0,1,real_gap,concrete contract violation,"{""actual"": ""true"", ""axes"": [1], ""axis"": 0, ""expected"": ""false"", ""function"": ""is_permutation"", ""rank"": 1, ""raw"": 0, ""within_abi_rank"": true, ""within_axis_i32_domain"": true}",True,True,pass,axis:pass;types:pass;ir:pass,caught,proof_failure,proof_failure,,caught,admission:assertion_failure;inverse:assertion_failure,admission:assertion_failure;inverse:assertion_failure,,normalization;survivors,False,186.4640372840222,7105970176,44.966375236050226,1649975296,0.5953268560115248,352784384,not_selected,not_selected,,,
d8dfcb8df199,is_permutation,34,<,<=,real_gap,concrete contract violation,"{""actual"": ""panic"", ""axes"": [], ""axis"": 0, ""expected"": ""true"", ""function"": ""is_permutation"", ""rank"": 0, ""raw"": 0, ""within_abi_rank"": true, ""within_axis_i32_domain"": true}",True,True,caught,axis:test_failure;types:test_failure;ir:test_failure,caught,proof_failure,tool_error,Frozen parser omitted bounds-precondition rejections; independent witness still required.,caught,admission:assertion_failure;inverse:assertion_failure,admission:assertion_failure;inverse:assertion_failure,,normalization;survivors,False,153.45752471103333,7695941632,34.61227815214079,1629229056,0.4833393240114674,322527232,not_selected,not_selected,,,
2810a832beb5,is_permutation,34,<,>,real_gap,concrete contract violation,"{""actual"": ""true"", ""axes"": [1], ""axis"": 0, ""expected"": ""false"", ""function"": ""is_permutation"", ""rank"": 1, ""raw"": 0, ""within_abi_rank"": true, ""within_axis_i32_domain"": true}",True,True,caught,axis:test_failure;types:pass;ir:pass,caught,proof_failure,proof_failure,,caught,admission:assertion_failure;inverse:assertion_failure,admission:assertion_failure;inverse:assertion_failure,,normalization;survivors,False,156.2918651350774,6474555392,41.913954610936344,1716203520,0.4666407980257645,357588992,not_selected,not_selected,,,
a301cebfdd38,is_permutation,42,>=,>,real_gap,concrete contract violation,"{""actual"": ""true"", ""axes"": [1], ""axis"": 0, ""expected"": ""false"", ""function"": ""is_permutation"", ""rank"": 1, ""raw"": 0, ""within_abi_rank"": true, ""within_axis_i32_domain"": true}",True,True,pass,axis:pass;types:pass;ir:pass,caught,proof_failure,proof_failure,,caught,admission:assertion_failure;inverse:assertion_failure,admission:assertion_failure;inverse:assertion_failure,,normalization;survivors,False,143.25165788503364,7335579648,41.85973670310341,1630949376,0.45374426699709147,318550016,not_selected,not_selected,,,
2d1dba67666e,is_permutation,42,>=,<=,real_gap,concrete contract violation,"{""actual"": ""false"", ""axes"": [0], ""axis"": 0, ""expected"": ""true"", ""function"": ""is_permutation"", ""rank"": 1, ""raw"": 0, ""within_abi_rank"": true, ""within_axis_i32_domain"": true}",True,True,caught,axis:test_failure;types:test_failure;ir:test_failure,caught,proof_failure,proof_failure,,caught,admission:assertion_failure;inverse:assertion_failure,admission:assertion_failure;inverse:assertion_failure,,normalization;survivors,False,155.41523840406444,7197679616,39.3513245069189,1632460800,0.4615670290077105,318451712,not_selected,not_selected,,,
aab9fe7f4810,is_permutation,43,false,true,real_gap,concrete contract violation,"{""actual"": ""true"", ""axes"": [1], ""axis"": 0, ""expected"": ""false"", ""function"": ""is_permutation"", ""rank"": 1, ""raw"": 0, ""within_abi_rank"": true, ""within_axis_i32_domain"": true}",True,True,caught,axis:test_failure;types:pass;ir:pass,caught,proof_failure,proof_failure,,caught,admission:assertion_failure;inverse:assertion_failure,admission:assertion_failure;inverse:assertion_failure,,normalization;survivors,False,150.3334573598113,6606258176,44.553205454023555,1632292864,0.4651710820617154,355278848,not_selected,not_selected,,,
9c6ad0eefa88,is_permutation,45,0,1,real_gap,concrete contract violation,"{""actual"": ""true"", ""axes"": [0, 0], ""axis"": 0, ""expected"": ""false"", ""function"": ""is_permutation"", ""rank"": 2, ""raw"": 0, ""within_abi_rank"": true, ""within_axis_i32_domain"": true}",True,True,caught,axis:test_failure;types:pass;ir:pass,caught,proof_failure,proof_failure,,caught,admission:assertion_failure;inverse:assertion_failure,admission:assertion_failure;inverse:assertion_failure,,normalization;survivors,False,142.875627586036,6416297984,40.28889356600121,1625124864,0.46113728103227913,352370688,not_selected,not_selected,,,
eb740a1808ec,is_permutation,46,<,<=,real_gap,concrete contract violation,"{""actual"": ""false"", ""axes"": [0], ""axis"": 0, ""expected"": ""true"", ""function"": ""is_permutation"", ""rank"": 1, ""raw"": 0, ""within_abi_rank"": true, ""within_axis_i32_domain"": true}",True,True,caught,axis:test_failure;types:test_failure;ir:test_failure,caught,proof_failure,proof_failure,,caught,admission:assertion_failure;inverse:assertion_failure,admission:assertion_failure;inverse:assertion_failure,,normalization;survivors,False,149.8323381250957,7046610944,33.20574239699636,1632972800,0.39032367209438235,355090432,not_selected,not_selected,,,
125dad33c0c5,is_permutation,46,<,>,real_gap,concrete contract violation,"{""actual"": ""true"", ""axes"": [0, 0], ""axis"": 0, ""expected"": ""false"", ""function"": ""is_permutation"", ""rank"": 2, ""raw"": 0, ""within_abi_rank"": true, ""within_axis_i32_domain"": true}",True,True,caught,axis:test_failure;types:pass;ir:pass,caught,proof_failure,proof_failure,,caught,admission:assertion_failure;inverse:assertion_failure,admission:assertion_failure;inverse:assertion_failure,,normalization;survivors,False,143.74847604590468,6409125888,31.690314514096826,1628151808,0.39339083491358906,379543552,not_selected,not_selected,,,
8447add56826,is_permutation,57,==,!=,real_gap,concrete contract violation,"{""actual"": ""true"", ""axes"": [0, 0], ""axis"": 0, ""expected"": ""false"", ""function"": ""is_permutation"", ""rank"": 2, ""raw"": 0, ""within_abi_rank"": true, ""within_axis_i32_domain"": true}",True,True,caught,axis:test_failure;types:test_failure;ir:test_failure,caught,proof_failure,proof_failure,,caught,admission:assertion_failure;inverse:assertion_failure,admission:assertion_failure;inverse:assertion_failure,,normalization;survivors,False,140.0735437949188,8151351296,40.536843043984845,1664479232,0.3880781460320577,356159488,not_selected,not_selected,,,
23942c16a9e3,is_permutation,58,false,true,real_gap,concrete contract violation,"{""actual"": ""true"", ""axes"": [0, 0], ""axis"": 0, ""expected"": ""false"", ""function"": ""is_permutation"", ""rank"": 2, ""raw"": 0, ""within_abi_rank"": true, ""within_axis_i32_domain"": true}",True,True,caught,axis:test_failure;types:pass;ir:pass,caught,proof_failure,proof_failure,,caught,admission:assertion_failure;inverse:assertion_failure,admission:assertion_failure;inverse:assertion_failure,,normalization;survivors,False,147.8718558801338,6438764544,34.80481868307106,1721933824,0.38533852889668196,356585472,not_selected,not_selected,,,
8cf887eab823,is_permutation,60,+=,-=,real_gap,concrete contract violation,"{""actual"": ""panic"", ""axes"": [0, 1], ""axis"": 0, ""expected"": ""true"", ""function"": ""is_permutation"", ""rank"": 2, ""raw"": 0, ""within_abi_rank"": true, ""within_axis_i32_domain"": true}",True,True,caught,axis:test_failure;types:test_failure;ir:test_failure,caught,proof_failure,proof_failure,,caught,admission:assertion_failure;inverse:assertion_failure,admission:assertion_failure;inverse:assertion_failure,,normalization;survivors,False,145.16449347301386,6814883840,34.12688611308113,1588740096,0.46511209791060537,320856064,not_selected,not_selected,,,
a29c46f04e93,is_permutation,60,1,0,real_gap,"The inner duplicate-check counter never advances. For rank 2 and axes [0,1], the second outer iteration remains at j=0 forever. This is a liveness defect established by the fixed counter in source; timeout or unwind failure is inconclusive and receives no contract-detection credit without a finite violation witness.",,,,inconclusive,axis:timeout;types:timeout;ir:timeout,unwitnessed_proof_failure,proof_failure,proof_failure,,inconclusive,admission:unwind_failure;inverse:unwind_failure,admission:assertion_failure;inverse:assertion_failure,Frozen parser omitted status-before-description failure blocks: admission;inverse,normalization;survivors,False,540.0785472741118,6684856320,35.13771347294096,1599414272,0.4525014600949362,353939456,unwitnessed_proof_failure,proof_failure,21.986328492988832,3406385152,75
b017c68be3ee,is_permutation,62,+=,-=,real_gap,concrete contract violation,"{""actual"": ""panic"", ""axes"": [0], ""axis"": 0, ""expected"": ""true"", ""function"": ""is_permutation"", ""rank"": 1, ""raw"": 0, ""within_abi_rank"": true, ""within_axis_i32_domain"": true}",True,True,caught,axis:test_failure;types:test_failure;ir:test_failure,caught,proof_failure,proof_failure,,caught,admission:assertion_failure;inverse:assertion_failure,admission:assertion_failure;inverse:assertion_failure,,normalization;survivors,False,149.41836622997653,6525698048,30.449679962941445,1583210496,0.45552995102480054,349659136,not_selected,not_selected,,,
597bbc64294a,is_permutation,62,1,0,real_gap,"The outer admission counter never advances. For rank 1 and axes [0], the loop remains at i=0 forever. This is a liveness defect; resource/timeout/unwind outcomes are inconclusive, not finite contract-violation witnesses.",,,,inconclusive,axis:timeout;types:timeout;ir:timeout,unwitnessed_proof_failure,proof_failure,proof_failure,,inconclusive,admission:unwind_failure;inverse:unwind_failure,admission:assertion_failure;inverse:assertion_failure,Frozen parser omitted status-before-description failure blocks: admission;inverse,normalization;survivors,False,540.1260933390586,6684205056,33.5887120810803,1588547584,0.4622573589440435,352628736,unwitnessed_proof_failure,proof_failure,19.801276057958603,3377213440,75
a3008227f15f,is_permutation,64,true,false,real_gap,concrete contract violation,"{""actual"": ""false"", ""axes"": [], ""axis"": 0, ""expected"": ""true"", ""function"": ""is_permutation"", ""rank"": 0, ""raw"": 0, ""within_abi_rank"": true, ""within_axis_i32_domain"": true}",True,True,caught,axis:test_failure;types:test_failure;ir:test_failure,caught,proof_failure,proof_failure,,caught,admission:assertion_failure;inverse:assertion_failure,admission:assertion_failure;inverse:assertion_failure,,normalization;survivors,False,154.4351680909749,6941966336,32.79350612894632,1228259328,0.533699469990097,387690496,not_selected,not_selected,,,
b44bf8a3f4db,normalize_axis,74,>,>=,real_gap,concrete contract violation,"{""actual"": ""None"", ""axes"": [], ""axis"": 0, ""expected"": ""Some(9223372036854775805)"", ""function"": ""normalize_axis"", ""rank"": 9223372036854775807, ""raw"": -2, ""within_abi_rank"": false, ""within_axis_i32_domain"": true}",False,True,pass,axis:pass;types:pass;ir:pass,caught,proof_failure,proof_failure,,pass,normalization:pass,normalization:pass,,admission;inverse;survivors,True,158.85675227991305,7161413632,1.007560241036117,187875328,0.4714904970023781,349962240,caught,proof_failure,20.192660553962924,3542376448,75
025644976ab3,normalize_axis,74,>,<,real_gap,concrete contract violation,"{""actual"": ""None"", ""axes"": [], ""axis"": 0, ""expected"": ""Some(0)"", ""function"": ""normalize_axis"", ""rank"": 1, ""raw"": -1, ""within_abi_rank"": true, ""within_axis_i32_domain"": true}",True,True,caught,axis:test_failure;types:test_failure;ir:test_failure,caught,proof_failure,proof_failure,,caught,normalization:assertion_failure,normalization:assertion_failure,,admission;inverse;survivors,False,149.0511766768759,7678013440,0.45409127103630453,224874496,0.387890369980596,354816000,not_selected,not_selected,,,
863f3644375d,normalize_axis,78,<,<=,real_gap,concrete contract violation,"{""actual"": ""Some(0)"", ""axes"": [], ""axis"": 0, ""expected"": ""None"", ""function"": ""normalize_axis"", ""rank"": 0, ""raw"": 0, ""within_abi_rank"": true, ""within_axis_i32_domain"": true}",True,True,caught,axis:test_failure;types:test_failure;ir:test_failure,caught,proof_failure,proof_failure,,caught,normalization:assertion_failure,normalization:assertion_failure,,admission;inverse;survivors,False,139.14154356811196,6202130432,0.518077980959788,223989760,0.3911629030480981,356093952,not_selected,not_selected,,,
8c62e66cb6b0,normalize_axis,78,<,>,real_gap,concrete contract violation,"{""actual"": ""Some(18446744073709551614)"", ""axes"": [], ""axis"": 0, ""expected"": ""None"", ""function"": ""normalize_axis"", ""rank"": 0, ""raw"": -2, ""within_abi_rank"": true, ""within_axis_i32_domain"": true}",True,True,caught,axis:test_failure;types:test_failure;ir:test_failure,caught,proof_failure,proof_failure,,caught,normalization:assertion_failure,normalization:assertion_failure,,admission;inverse;survivors,False,143.64334470091853,7407689728,0.4531680919462815,84709376,0.4612668239278719,356405248,not_selected,not_selected,,,
b6e27c662751,normalize_axis,78,0,1,real_gap,concrete contract violation,"{""actual"": ""Some(0)"", ""axes"": [], ""axis"": 0, ""expected"": ""None"", ""function"": ""normalize_axis"", ""rank"": 0, ""raw"": 0, ""within_abi_rank"": true, ""within_axis_i32_domain"": true}",True,True,caught,axis:test_failure;types:test_failure;ir:test_failure,caught,proof_failure,proof_failure,,caught,normalization:assertion_failure,normalization:assertion_failure,,admission;inverse;survivors,False,135.3518903348595,6382903296,0.5890659600263461,157044736,0.4573959979461506,354291712,not_selected,not_selected,,,
bed54038c11b,normalize_axis,79,<,<=,real_gap,concrete contract violation,"{""actual"": ""None"", ""axes"": [], ""axis"": 0, ""expected"": ""Some(0)"", ""function"": ""normalize_axis"", ""rank"": 1, ""raw"": -1, ""within_abi_rank"": true, ""within_axis_i32_domain"": true}",True,True,caught,axis:test_failure;types:pass;ir:pass,caught,proof_failure,proof_failure,,caught,normalization:assertion_failure,normalization:assertion_failure,,admission;inverse;survivors,False,146.24263570294715,6620491776,0.5113367550075054,85037056,0.38948947098106146,385474560,not_selected,not_selected,,,
df395ff9c3c8,normalize_axis,79,<,>,real_gap,concrete contract violation,"{""actual"": ""Some(18446744073709551614)"", ""axes"": [], ""axis"": 0, ""expected"": ""None"", ""function"": ""normalize_axis"", ""rank"": 0, ""raw"": -2, ""within_abi_rank"": true, ""within_axis_i32_domain"": true}",True,True,caught,axis:test_failure;types:test_failure;ir:test_failure,caught,proof_failure,proof_failure,,caught,normalization:assertion_failure,normalization:assertion_failure,,admission;inverse;survivors,False,143.49561925290618,7305469952,0.5179842630168423,218578944,0.45360911707393825,375119872,not_selected,not_selected,,,
ef852d78a0d5,normalize_axis,79,-,+,unbuildable,unbuildable,,,,inconclusive,,not_run,not_run,not_run,,inconclusive,,,,,False,0,0,0,0,0,0,not_selected,not_selected,,,
a0778405c813,normalize_axis,82,+,-,real_gap,concrete contract violation,"{""actual"": ""Some(18446744073709551614)"", ""axes"": [], ""axis"": 0, ""expected"": ""Some(0)"", ""function"": ""normalize_axis"", ""rank"": 1, ""raw"": -1, ""within_abi_rank"": true, ""within_axis_i32_domain"": true}",True,True,caught,axis:test_failure;types:test_failure;ir:test_failure,caught,proof_failure,proof_failure,,caught,normalization:assertion_failure,normalization:assertion_failure,,admission;inverse;survivors,False,149.69806821097154,7098986496,0.5154677639948204,195928064,0.44692510995082557,368496640,not_selected,not_selected,,,
0b8549a3818a,normalize_axis,84,>=,>,real_gap,concrete contract violation,"{""actual"": ""Some(0)"", ""axes"": [], ""axis"": 0, ""expected"": ""None"", ""function"": ""normalize_axis"", ""rank"": 0, ""raw"": 0, ""within_abi_rank"": true, ""within_axis_i32_domain"": true}",True,True,caught,axis:test_failure;types:test_failure;ir:pass,caught,proof_failure,proof_failure,,caught,normalization:assertion_failure,normalization:assertion_failure,,admission;inverse;survivors,False,165.2663676959928,7334637568,0.5882958399597555,99921920,0.5338583770208061,352460800,not_selected,not_selected,,,
389c4930c8cf,normalize_axis,84,>=,<=,real_gap,concrete contract violation,"{""actual"": ""Some(1)"", ""axes"": [], ""axis"": 0, ""expected"": ""None"", ""function"": ""normalize_axis"", ""rank"": 0, ""raw"": 1, ""within_abi_rank"": true, ""within_axis_i32_domain"": true}",True,True,caught,axis:test_failure;types:test_failure;ir:test_failure,caught,proof_failure,proof_failure,,caught,normalization:assertion_failure,normalization:assertion_failure,,admission;inverse;survivors,False,152.4696057649562,6929133568,0.8748547179857269,224649216,0.4538950140122324,373424128,not_selected,not_selected,,,
3e8ff63c7699,reduction_survivors,108,>=,>,real_gap,concrete contract violation,"{""actual"": ""Some([])"", ""axes"": [], ""axis"": 0, ""expected"": ""None"", ""function"": ""reduction_survivors"", ""rank"": 0, ""raw"": 0, ""within_abi_rank"": true, ""within_axis_i32_domain"": true}",True,True,caught,axis:test_failure;types:pass;ir:pass,caught,proof_failure,proof_failure,,inconclusive,survivors:timeout,survivors:timeout,,admission;inverse;normalization,False,148.26471065508667,6593314816,302.4382209170144,25258176512,0.46882604202255607,354058240,caught,proof_failure,20.62124759797007,3527049216,75
f48795f191a5,reduction_survivors,108,>=,<=,real_gap,concrete contract violation,"{""actual"": ""Some([])"", ""axes"": [], ""axis"": 1, ""expected"": ""None"", ""function"": ""reduction_survivors"", ""rank"": 0, ""raw"": 0, ""within_abi_rank"": true, ""within_axis_i32_domain"": true}",True,True,caught,axis:test_failure;types:pass;ir:test_failure,caught,proof_failure,proof_failure,,caught,survivors:assertion_failure,survivors:assertion_failure,,admission;inverse;normalization,False,148.16629682504572,6661603328,151.6671758859884,21614817280,0.809649923001416,350187520,not_selected,not_selected,,,
509eee221613,reduction_survivors,112,0,1,real_gap,concrete contract violation,"{""actual"": ""Some([])"", ""axes"": [], ""axis"": 1, ""expected"": ""Some([0])"", ""function"": ""reduction_survivors"", ""rank"": 2, ""raw"": 0, ""within_abi_rank"": true, ""within_axis_i32_domain"": true}",True,True,caught,axis:test_failure;types:pass;ir:test_failure,caught,proof_failure,proof_failure,,inconclusive,survivors:timeout,survivors:timeout,,admission;inverse;normalization,False,144.82902609894518,6614953984,303.22066737595014,44138606592,0.45582433498930186,354557952,caught,proof_failure,21.811146370018832,3538329600,75
b75d35871272,reduction_survivors,113,<,<=,real_gap,concrete contract violation,"{""actual"": ""Some([1])"", ""axes"": [], ""axis"": 0, ""expected"": ""Some([])"", ""function"": ""reduction_survivors"", ""rank"": 1, ""raw"": 0, ""within_abi_rank"": true, ""within_axis_i32_domain"": true}",True,True,caught,axis:test_failure;types:pass;ir:test_failure,caught,proof_failure,proof_failure,,caught,survivors:assertion_failure,survivors:assertion_failure,,admission;inverse;normalization,False,152.51434822904412,6561095680,219.33981224906165,21554606080,0.5955394469201565,347521024,not_selected,not_selected,,,
472d513662f1,reduction_survivors,113,<,>,real_gap,concrete contract violation,"{""actual"": ""Some([])"", ""axes"": [], ""axis"": 0, ""expected"": ""Some([1])"", ""function"": ""reduction_survivors"", ""rank"": 2, ""raw"": 0, ""within_abi_rank"": true, ""within_axis_i32_domain"": true}",True,True,caught,axis:test_failure;types:pass;ir:test_failure,caught,proof_failure,proof_failure,,caught,survivors:assertion_failure,survivors:assertion_failure,,admission;inverse;normalization,False,151.00559332885314,8068091904,1.1765042949700728,276516864,0.5199826740426943,360574976,not_selected,not_selected,,,
72ae9e628630,reduction_survivors,122,!=,==,real_gap,concrete contract violation,"{""actual"": ""Some([0])"", ""axes"": [], ""axis"": 0, ""expected"": ""Some([])"", ""function"": ""reduction_survivors"", ""rank"": 1, ""raw"": 0, ""within_abi_rank"": true, ""within_axis_i32_domain"": true}",True,True,caught,axis:test_failure;types:pass;ir:test_failure,caught,proof_failure,proof_failure,,inconclusive,survivors:timeout,survivors:timeout,,admission;inverse;normalization,False,151.81506998604164,6936395776,303.5893735178979,42162098176,0.5262538470560685,349446144,caught,proof_failure,34.72474582295399,3515219968,75
f69fba46635e,reduction_survivors,125,+=,-=,real_gap,concrete contract violation,"{""actual"": ""panic"", ""axes"": [], ""axis"": 0, ""expected"": ""Some([])"", ""function"": ""reduction_survivors"", ""rank"": 1, ""raw"": 0, ""within_abi_rank"": true, ""within_axis_i32_domain"": true}",True,True,caught,axis:test_failure;types:pass;ir:test_failure,caught,proof_failure,proof_failure,,caught,survivors:assertion_failure,survivors:assertion_failure,,admission;inverse;normalization,False,140.80175042001065,6842007552,1.233380266930908,234655744,0.5207884729607031,351948800,not_selected,not_selected,,,
4c10346320a2,reduction_survivors,125,1,0,real_gap,"The survivor counter never advances. For rank 1 and axis 0, i remains zero and no allocation occurs: the loop never terminates. Other inputs can append indefinitely. Resource/timeout/unwind outcomes are inconclusive, not finite contract-violation witnesses.",,,,inconclusive,axis:timeout;types:pass;ir:timeout,unwitnessed_proof_failure,proof_failure,proof_failure,,inconclusive,survivors:timeout,survivors:timeout,,admission;inverse;normalization,False,485.1559817249654,6633889792,305.1345654570032,44325154816,0.5927148279733956,348459008,unwitnessed_proof_failure,proof_failure,36.5191035711905,3536883712,75
1bb6c747ac98,checked_inverse,146,0,1,real_gap,concrete contract violation,"{""actual"": ""panic"", ""axes"": [0], ""axis"": 0, ""expected"": ""Some([0])"", ""function"": ""checked_inverse"", ""rank"": 1, ""raw"": 0, ""within_abi_rank"": true, ""within_axis_i32_domain"": true}",True,True,caught,axis:test_failure;types:pass;ir:test_failure,caught,proof_failure,proof_failure,,caught,inverse:assertion_failure,inverse:assertion_failure,,admission;normalization;survivors,False,173.09066513506696,6216101888,37.27101252099965,1629614080,1.3764457020442933,343203840,not_selected,not_selected,,,
eef39d6d2021,checked_inverse,147,<,<=,real_gap,concrete contract violation,"{""actual"": ""Some([0])"", ""axes"": [], ""axis"": 0, ""expected"": ""Some([])"", ""function"": ""checked_inverse"", ""rank"": 0, ""raw"": 0, ""within_abi_rank"": true, ""within_axis_i32_domain"": true}",True,True,caught,axis:test_failure;types:pass;ir:test_failure,caught,proof_failure,proof_failure,,caught,inverse:assertion_failure,inverse:assertion_failure,,admission;normalization;survivors,False,161.55393440194894,7168311296,20.824363398947753,1625845760,0.45355701993685216,369295360,not_selected,not_selected,,,
dcb03a30b29d,checked_inverse,147,<,>,real_gap,concrete contract violation,"{""actual"": ""panic"", ""axes"": [0], ""axis"": 0, ""expected"": ""Some([0])"", ""function"": ""checked_inverse"", ""rank"": 1, ""raw"": 0, ""within_abi_rank"": true, ""within_axis_i32_domain"": true}",True,True,caught,axis:test_failure;types:pass;ir:test_failure,caught,proof_failure,proof_failure,,caught,inverse:assertion_failure,inverse:assertion_failure,,admission;normalization;survivors,False,159.13926576892845,6026891264,15.359888077015057,1480957952,0.4586439240956679,350228480,not_selected,not_selected,,,
fb94e51e18a5,checked_inverse,151,0,1,equivalent,Changing the inverse vector filler from zero to one is unobservable: admission establishes a full permutation and the following loop overwrites every vector position exactly once with its original index before returning. Rank zero is empty; invalid permutations return before allocation.,,,,pass,axis:pass;types:pass;ir:pass,pass,pass,pass,,pass,inverse:pass,inverse:pass,,admission;normalization;survivors,False,144.8417670429917,7247933440,26.119071590946987,1631629312,0.6643991549499333,352612352,not_selected,not_selected,,,
955ea50f2c87,checked_inverse,152,+=,-=,real_gap,concrete contract violation,"{""actual"": ""panic"", ""axes"": [0], ""axis"": 0, ""expected"": ""Some([0])"", ""function"": ""checked_inverse"", ""rank"": 1, ""raw"": 0, ""within_abi_rank"": true, ""within_axis_i32_domain"": true}",True,True,caught,axis:test_failure;types:pass;ir:test_failure,caught,proof_failure,proof_failure,,caught,inverse:assertion_failure,inverse:assertion_failure,,admission;normalization;survivors,False,146.56871067197062,6058889216,18.03553230606485,1500651520,0.4579769179690629,350294016,not_selected,not_selected,,,
4717add51eae,checked_inverse,152,1,0,real_gap,"The inverse initialization counter never advances. For rank 1 and axes [0], the loop keeps appending zeros without reaching its exit. Allocation exhaustion is capped and reported inconclusive; the source establishes a liveness defect but no finite violation witness is credited.",,,,inconclusive,axis:memory_limit;types:pass;ir:memory_limit,unwitnessed_proof_failure,proof_failure,proof_failure,,inconclusive,inverse:unwind_failure,inverse:assertion_failure,Frozen parser omitted status-before-description failure blocks: inverse,admission;normalization;survivors,False,159.34529854299035,8649531392,21.725045887986198,1632002048,0.6023316229693592,348934144,unwitnessed_proof_failure,proof_failure,29.93104119389318,3662716928,75
a84366d80e77,checked_inverse,154,0,1,equivalent,"The first inverse assignment writes index zero at axes[0], already initialized to zero. Skipping it leaves that entry correct; uniqueness ensures subsequent writes target other entries. Rank zero returns the same empty vector; invalid permutations still return None. Independent concrete probe covered ranks 0..4; the argument applies to every rank.",,,,pass,axis:pass;types:pass;ir:pass,unwitnessed_proof_failure,proof_failure,proof_failure,,pass,inverse:pass,inverse:pass,,admission;normalization;survivors,False,148.60205495799892,6540447744,26.05212124402169,1632509952,0.4600384799996391,349216768,unwitnessed_proof_failure,proof_failure,32.46156859607436,3612065792,75
d3506369ffb4,checked_inverse,155,<,<=,real_gap,concrete contract violation,"{""actual"": ""panic"", ""axes"": [], ""axis"": 0, ""expected"": ""Some([])"", ""function"": ""checked_inverse"", ""rank"": 0, ""raw"": 0, ""within_abi_rank"": true, ""within_axis_i32_domain"": true}",True,True,caught,axis:test_failure;types:pass;ir:test_failure,caught,proof_failure,tool_error,Frozen parser omitted bounds-precondition rejections; independent witness still required.,caught,inverse:assertion_failure,inverse:assertion_failure,,admission;normalization;survivors,False,160.4362548030913,6883340288,26.077721733017825,1630720000,0.46443876391276717,314941440,not_selected,not_selected,,,
eae46b5ff6e5,checked_inverse,155,<,>,real_gap,concrete contract violation,"{""actual"": ""Some([0, 0])"", ""axes"": [0, 1], ""axis"": 0, ""expected"": ""Some([0, 1])"", ""function"": ""checked_inverse"", ""rank"": 2, ""raw"": 0, ""within_abi_rank"": true, ""within_axis_i32_domain"": true}",True,True,caught,axis:test_failure;types:pass;ir:test_failure,caught,proof_failure,proof_failure,,caught,inverse:assertion_failure,inverse:assertion_failure,,admission;normalization;survivors,False,164.72265565406997,7365922816,22.644353482988663,1566658560,0.4641558590810746,370565120,not_selected,not_selected,,,
0d52a87c2c65,checked_inverse,165,+=,-=,real_gap,concrete contract violation,"{""actual"": ""panic"", ""axes"": [0], ""axis"": 0, ""expected"": ""Some([0])"", ""function"": ""checked_inverse"", ""rank"": 1, ""raw"": 0, ""within_abi_rank"": true, ""within_axis_i32_domain"": true}",True,True,caught,axis:test_failure;types:pass;ir:test_failure,caught,proof_failure,proof_failure,,caught,inverse:assertion_failure,inverse:assertion_failure,,admission;normalization;survivors,False,164.19347018597182,6578323456,22.054964366019703,1573613568,0.5316477089654654,348622848,not_selected,not_selected,,,
103a5ee4a87a,checked_inverse,165,1,0,real_gap,"The final inverse counter never advances. For rank 1 and axes [0], the initialized vector is repeatedly assigned zero and the loop never exits. Timeout/unwind outcomes are inconclusive, not finite violation witnesses.",,,,inconclusive,axis:timeout;types:pass;ir:timeout,unwitnessed_proof_failure,proof_failure,proof_failure,,inconclusive,inverse:unwind_failure,inverse:assertion_failure,Frozen parser omitted status-before-description failure blocks: inverse,admission;normalization;survivors,False,483.1717555229552,7725072384,20.105272519984283,1623822336,0.456199423992075,370216960,unwitnessed_proof_failure,proof_failure,30.499245800077915,3506380800,75
